prompt_name,input_text,model,created_at,response,thinking,done,done_reason,total_duration,load_duration,prompt_eval_count,prompt_eval_duration,eval_count,eval_duration,logprobs
prompts/few-shot.txt,Mango is a fruit from a tree,llama3:8b,2025-12-29T01:33:37.8240974Z,"@prefix ex: <http://example.org/kg/> .
@prefix schema: <http://schema.org/> .
@prefix rdfs: <http://www.w3.org/2000/01/rdf-schema#> .

ex:mango a schema:Fruit ;
  rdfs:label ""Mango"" ;
  schema:from ex:mango_tree .

ex:mango_tree a schema:Tree ;
  rdfs:label ""mango tree"" .",,True,stop,35411148100,23609260600,732,5443013300,94,6254293600,null
prompts/few-shot.txt,Mango is not a fruit from a tree,llama3:8b,2025-12-29T01:45:44.6400712Z,"@prefix ex: <http://example.org/kg/> .
@prefix schema: <http://schema.org/> .
@prefix rdfs: <http://www.w3.org/2000/01/rdf-schema#> .

ex:mango a schema:Food ;
  rdfs:label ""Mango"" ;
  schema:notFromTree .

Note: As there is no mention of a specific tree or location, I did not create an additional resource for the tree. If you'd like to add more context about the tree, feel free to provide it!",,True,stop,23482902300,11190628800,733,5416765500,114,6743531900,null,True,
